{"cameraMode":{"drawMode":0,"name":"Shaded","section":"Shading Mode"},"sceneLighting":true,"audioPlay":false,"sceneViewState":{"m_AlwaysRefresh":true,"showFog":true,"showSkybox":true,"showFlares":true,"showImageEffects":true,"showParticleSystems":true,"showVisualEffectGraphs":true,"m_FxEnabled":true},"in2DMode":false,"pivot":{"x":13.666667938232422,"y":54.587528228759769,"z":-29.119606018066408},"rotation":{"x":-0.20064128935337068,"y":0.7209396958351135,"z":-0.23274776339530946,"w":-0.6213182210922241},"size":25.38176727294922,"orthographic":false}