{"cameraMode":{"drawMode":0,"name":"Shaded","section":"Shading Mode"},"sceneLighting":true,"audioPlay":false,"sceneViewState":{"m_AlwaysRefresh":true,"showFog":true,"showSkybox":true,"showFlares":true,"showImageEffects":true,"showParticleSystems":true,"showVisualEffectGraphs":true,"m_FxEnabled":true},"in2DMode":false,"pivot":{"x":12.72140121459961,"y":48.83686065673828,"z":25.44164276123047},"rotation":{"x":0.21315835416316987,"y":0.11430450528860092,"z":-0.025186218321323396,"w":0.9700422286987305},"size":12.12435531616211,"orthographic":false}