{"cameraMode":{"drawMode":0,"name":"Shaded","section":"Shading Mode"},"sceneLighting":true,"audioPlay":false,"sceneViewState":{"m_AlwaysRefresh":true,"showFog":true,"showSkybox":true,"showFlares":true,"showImageEffects":true,"showParticleSystems":true,"showVisualEffectGraphs":true,"m_FxEnabled":true},"in2DMode":false,"pivot":{"x":5.576448440551758,"y":57.45640563964844,"z":24.294071197509767},"rotation":{"x":0.0028948255348950626,"y":0.9803340435028076,"z":-0.1970023363828659,"w":0.01470772922039032},"size":0.0039657833985984329,"orthographic":false}