{"cameraMode":{"drawMode":0,"name":"Shaded","section":"Shading Mode"},"sceneLighting":true,"audioPlay":false,"sceneViewState":{"m_AlwaysRefresh":true,"showFog":true,"showSkybox":true,"showFlares":true,"showImageEffects":true,"showParticleSystems":true,"showVisualEffectGraphs":true,"m_FxEnabled":true},"in2DMode":false,"pivot":{"x":16.1085205078125,"y":54.72462463378906,"z":74.57276153564453},"rotation":{"x":0.0009878079872578383,"y":-0.9990085959434509,"z":0.025792548432946206,"w":0.03902973607182503},"size":12.12435531616211,"orthographic":false}