{"cameraMode":{"drawMode":0,"name":"Shaded","section":"Shading Mode"},"sceneLighting":true,"audioPlay":false,"sceneViewState":{"m_AlwaysRefresh":true,"showFog":true,"showSkybox":true,"showFlares":true,"showImageEffects":true,"showParticleSystems":true,"showVisualEffectGraphs":true,"m_FxEnabled":true},"in2DMode":false,"pivot":{"x":5.5783610343933109,"y":57.45588684082031,"z":24.29463768005371},"rotation":{"x":0.03532540053129196,"y":0.9613534808158875,"z":-0.2294812649488449,"w":0.14824971556663514},"size":0.0039657833985984329,"orthographic":false}