{"cameraMode":{"drawMode":0,"name":"Shaded","section":"Shading Mode"},"sceneLighting":true,"audioPlay":false,"sceneViewState":{"m_AlwaysRefresh":true,"showFog":true,"showSkybox":true,"showFlares":true,"showImageEffects":true,"showParticleSystems":true,"showVisualEffectGraphs":true,"m_FxEnabled":true},"in2DMode":false,"pivot":{"x":35.51850891113281,"y":56.688514709472659,"z":115.47676849365235},"rotation":{"x":0.013480227440595627,"y":-0.39295172691345217,"z":-0.00583648169413209,"w":-0.9195536375045776},"size":12.12435531616211,"orthographic":false}