{"cameraMode":{"drawMode":0,"name":"Shaded","section":"Shading Mode"},"sceneLighting":true,"audioPlay":false,"sceneViewState":{"m_AlwaysRefresh":true,"showFog":true,"showSkybox":true,"showFlares":true,"showImageEffects":true,"showParticleSystems":true,"showVisualEffectGraphs":true,"m_FxEnabled":true},"in2DMode":false,"pivot":{"x":18.887765884399415,"y":43.863990783691409,"z":105.0408935546875},"rotation":{"x":0.16570580005645753,"y":0.6433999538421631,"z":-0.14545895159244538,"w":0.7331328988075256},"size":12.12435531616211,"orthographic":false}